country_id,country_name
 Boonville Stage Line, Boonville Stage Line
 S.A., S.A.
ACOM,ACOM
ACTIVE AERO,ACTIVE AERO
AEROCENTER,AEROCENTER
AEROCESAR,AEROCESAR
AEROPERLAS,AEROPERLAS
AEROPUMA,AEROPUMA
AEROSOL,AEROSOL
AEROSUN,AEROSUN
AEROVARADERO,AEROVARADERO
AEROWEE,AEROWEE
AIR CLASS,AIR CLASS
AIR FREIGHTER,AIR FREIGHTER
AIR PRINT,AIR PRINT
AIR-MAUR,AIR-MAUR
AIREX,AIREX
AIRFLIGHT,AIRFLIGHT
AIRMAN,AIRMAN
AIRNAT,AIRNAT
AIRPAC,AIRPAC
AIRPORT HELICOPTER,AIRPORT HELICOPTER
AIRWAVE,AIRWAVE
ALAMO,ALAMO
ALASKA,ALASKA
ALASKA PACIFIC,ALASKA PACIFIC
ALCON,ALCON
ALDAWLYH AIR,ALDAWLYH AIR
ALL STAR,ALL STAR
ALNACIONAL,ALNACIONAL
ANTARES,ANTARES
APPALACHIAN,APPALACHIAN
AQUILINE,AQUILINE
ARIZAIR,ARIZAIR
ARMSTRONG,ARMSTRONG
ASA PESADA,ASA PESADA
ASTORIA,ASTORIA
ASUR,ASUR
ATCO,ATCO
ATLANTIC NICARAGUA,ATLANTIC NICARAGUA
ATLANTIS CANADA,ATLANTIS CANADA
AUDI AIR,AUDI AIR
AURORA AIR,AURORA AIR
AUSA,AUSA
AVEMEX,AVEMEX
AVIANCA,AVIANCA
AVINOR,AVINOR
AVIOQUINTANA,AVIOQUINTANA
AZIMUT,AZIMUT
Afghanistan,Afghanistan
Air S,Air S
Albania,Albania
Algeria,Algeria
American Samoa,American Samoa
Angola,Angola
Anguilla,Anguilla
Antarctica,Antarctica
Antigua and Barbuda,Antigua and Barbuda
Argentina,Argentina
Armenia,Armenia
Aruba,Aruba
Australia,Australia
Austria,Austria
Azerbaijan,Azerbaijan
Bahamas,Bahamas
Bahrain,Bahrain
Bangladesh,Bangladesh
Barbados,Barbados
Belarus,Belarus
Belgium,Belgium
Belize,Belize
Benin,Benin
Bermuda,Bermuda
Bhutan,Bhutan
Bolivia,Bolivia
Bosnia and Herzegovina,Bosnia and Herzegovina
Botswana,Botswana
Brazil,Brazil
British Indian Ocean Territory,British Indian Ocean Territory
British Virgin Islands,British Virgin Islands
Brunei,Brunei
Bulgaria,Bulgaria
Burkina Faso,Burkina Faso
Burma,Burma
Burundi,Burundi
COMPANY AS,COMPANY AS
Cambodia,Cambodia
Cameroon,Cameroon
Canada,Canada
Canadian Territories,Canadian Territories
Cape Verde,Cape Verde
Cayman Islands,Cayman Islands
Central African Republic,Central African Republic
Chad,Chad
Chile,Chile
China,China
Christmas Island,Christmas Island
Cocos (Keeling) Islands,Cocos (Keeling) Islands
Colombia,Colombia
Comoros,Comoros
Congo (Brazzaville),Congo (Brazzaville)
Congo (Kinshasa),Congo (Kinshasa)
Cook Islands,Cook Islands
Costa Rica,Costa Rica
Cote d'Ivoire,Cote d'Ivoire
Croatia,Croatia
Cuba,Cuba
Cyprus,Cyprus
Czech Republic,Czech Republic
DRAGON,DRAGON
Democratic People's Republic of Korea,Democratic People's Republic of Korea
Democratic Republic of Congo,Democratic Republic of Congo
Democratic Republic of the Congo,Democratic Republic of the Congo
Denmark,Denmark
Djibouti,Djibouti
Dominica,Dominica
Dominican Republic,Dominican Republic
East Timor,East Timor
Ecuador,Ecuador
Egypt,Egypt
El Salvador,El Salvador
Equatorial Guinea,Equatorial Guinea
Eritrea,Eritrea
Estonia,Estonia
Ethiopia,Ethiopia
Falkland Islands,Falkland Islands
Faroe Islands,Faroe Islands
Fiji,Fiji
Finland,Finland
France,France
French Guiana,French Guiana
French Polynesia,French Polynesia
Gabon,Gabon
Gambia,Gambia
Georgia,Georgia
Germany,Germany
Ghana,Ghana
Gibraltar,Gibraltar
Greece,Greece
Greenland,Greenland
Grenada,Grenada
Guadeloupe,Guadeloupe
Guam,Guam
Guatemala,Guatemala
Guernsey,Guernsey
Guinea,Guinea
Guinea-Bissau,Guinea-Bissau
Guyana,Guyana
Haiti,Haiti
Honduras,Honduras
Hong Kong,Hong Kong
Hong Kong SAR of China,Hong Kong SAR of China
Hungary,Hungary
Iceland,Iceland
India,India
Indonesia,Indonesia
Iran,Iran
Iraq,Iraq
Ireland,Ireland
Isle of Man,Isle of Man
Israel,Israel
Italy,Italy
Ivory Coast,Ivory Coast
Jamaica,Jamaica
Japan,Japan
Jersey,Jersey
Johnston Atoll,Johnston Atoll
Jordan,Jordan
Kazakhstan,Kazakhstan
Kenya,Kenya
Kiribati,Kiribati
Kuwait,Kuwait
Kyrgyzstan,Kyrgyzstan
LAP,LAP
Lao Peoples Democratic Republic,Lao Peoples Democratic Republic
Laos,Laos
Latvia,Latvia
Lebanon,Lebanon
Lesotho,Lesotho
Liberia,Liberia
Libya,Libya
Lithuania,Lithuania
Luxembourg,Luxembourg
Macao,Macao
Macau,Macau
Macedonia,Macedonia
Madagascar,Madagascar
Malawi,Malawi
Malaysia,Malaysia
Maldives,Maldives
Mali,Mali
Malta,Malta
Marshall Islands,Marshall Islands
Martinique,Martinique
Mauritania,Mauritania
Mauritius,Mauritius
Mayotte,Mayotte
Mexico,Mexico
Micronesia,Micronesia
Midway Islands,Midway Islands
Moldova,Moldova
Monaco,Monaco
Mongolia,Mongolia
Montenegro,Montenegro
Montserrat,Montserrat
Morocco,Morocco
Mozambique,Mozambique
Myanmar,Myanmar
Namibia,Namibia
Nauru,Nauru
Nepal,Nepal
Netherland,Netherland
Netherlands,Netherlands
Netherlands Antilles,Netherlands Antilles
New Caledonia,New Caledonia
New Zealand,New Zealand
Nicaragua,Nicaragua
Niger,Niger
Nigeria,Nigeria
Niue,Niue
Norfolk Island,Norfolk Island
North Korea,North Korea
Northern Mariana Islands,Northern Mariana Islands
Norway,Norway
ODINN,ODINN
Oman,Oman
Pakistan,Pakistan
Palau,Palau
Palestine,Palestine
Panama,Panama
Papua New Guinea,Papua New Guinea
Paraguay,Paraguay
Peru,Peru
Philippines,Philippines
Poland,Poland
Portugal,Portugal
Puerto Rico,Puerto Rico
Qatar,Qatar
RENTAXEL,RENTAXEL
Republic of Korea,Republic of Korea
Republic of the Congo,Republic of the Congo
Reunion,Reunion
Romania,Romania
Russia,Russia
Russia]],Russia]]
Russian Federation,Russian Federation
Rwanda,Rwanda
S,S
SCHEFF,SCHEFF
SWISSBIRD,SWISSBIRD
Saint Helena,Saint Helena
Saint Kitts and Nevis,Saint Kitts and Nevis
Saint Lucia,Saint Lucia
Saint Pierre and Miquelon,Saint Pierre and Miquelon
Saint Vincent and the Grenadines,Saint Vincent and the Grenadines
Samoa,Samoa
Sao Tome and Principe,Sao Tome and Principe
Saudi Arabia,Saudi Arabia
Senegal,Senegal
Serbia,Serbia
Seychelles,Seychelles
Sierra Leone,Sierra Leone
Singapore,Singapore
Slovakia,Slovakia
Slovenia,Slovenia
Solomon Islands,Solomon Islands
Somali Republic,Somali Republic
Somalia,Somalia
South Africa,South Africa
South Korea,South Korea
South Sudan,South Sudan
Spain,Spain
Sri Lanka,Sri Lanka
Sudan,Sudan
Suriname,Suriname
Svalbard,Svalbard
Swaziland,Swaziland
Sweden,Sweden
Switzerland,Switzerland
Syria,Syria
Syrian Arab Republic,Syrian Arab Republic
Taiwan,Taiwan
Tajikistan,Tajikistan
Tanzania,Tanzania
Thailand,Thailand
Togo,Togo
Tonga,Tonga
Trinidad and Tobago,Trinidad and Tobago
Tunisia,Tunisia
Turkey,Turkey
Turkmenistan,Turkmenistan
Turks and Caicos Islands,Turks and Caicos Islands
Tuvalu,Tuvalu
UNIFORM OSCAR,UNIFORM OSCAR
UNited Kingdom,UNited Kingdom
Uganda,Uganda
Ukraine,Ukraine
United Arab Emirates,United Arab Emirates
United Kingdom,United Kingdom
United States,United States
Uruguay,Uruguay
Uzbekistan,Uzbekistan
VELES,VELES
Vanuatu,Vanuatu
Venezuela,Venezuela
Vietnam,Vietnam
Virgin Islands,Virgin Islands
WATCHDOG,WATCHDOG
Wake Island,Wake Island
Wallis and Futuna,Wallis and Futuna
West Bank,West Bank
Western Sahara,Western Sahara
Yemen,Yemen
Zambia,Zambia
Zimbabwe,Zimbabwe
